Workbook

Sheet 1안
A1: =CONCATENATE(B3,"_",D3,IF(ISBLANK(E3), "", ","),E3,IF(ISBLANK(F3), "", ","),F3,"_평가계획서(안)_",H3)
A2: * 정보입력 란
A3: 평가기관 : | C3: 평가종류 : | G3: 완/미완 선택 : | H3: 미완
A4: 내부심사 :
A5: 컨설팅 :
A6: 직전 평가반 :
A7: 평가일 :
A8: * 평가반 구성 안
A9: 역할 | B9: 회사/기관명 | C9: 성명 | D9: 연락처 | E9: 이메일 | F9: 중분류 | G9: 주소 | H9: 비고
A10: 평가반장 | B10: 공군 군수사령부 항공기술연구소 | C10: 손병훈 | D10: 010-5385-6724 | E10: mrsonlove@hanmail.net | F10: 총괄, 시스템 | G10: 대구시 동구 | H10: 소재지(대전)
A11: 기술평가사 | B11: (주)자이로 | C11: 안구용 | D11: 010-6651-1811 | E11: guyonga@naver.com | F11: 02.013 | G11: 부산시 강서구 | H11: 소재지(대전)
A12: 기술평가사 | B12: (재)한국기계전기전자시험연구원 | C12: 홍민철 | D12: 010-7338-1972 | E12: hongmc@ktc.re.kr | F12: 03.001 | G12: 경기도 군포시 | H12: 소재지-1
A13: 기관정보 | E13: 주소정보
A14: 담당자명 | E14: 소재지
A15: 담당자연락처 | E15: 소재지-1
A16: 담당자이메일 | E16: 소재지-2
A18: 순번 | B18: 대분류 코드 | C18: 측정분야(대분류) | D18: 중분류 코드 | E18: 측정분야(중분류) | F18: 제품 및 물질 | G18: 제품 및 물질(영문) | H18: 분류 | I18: 규격코드 | J18: 규격명 | K18: 구성요소,특성(시험범위)(한글) | L18: 이력항목 | M18: 연도 | N18: 규격코드(영문) | O18: 규격명(영문) | P18: 구성요소,특성(시험범위)(영문) | Q18: 현장시험가능항목 | R18: 사업장구분
A19: 1 | B19: 02 | C19: 화학시험 | D19: 017 | E19: 식품 | F19: 식품_x000D_ | G19: Foods | H19: 기타 | I19: 식품의약품안전처 고시 제2024-35호_x000D_ (2024.07.10.) | J19: 식품의 기준 및 규격_x000D_ 제8. 일반시험법_x000D_ 3.1 보존료_x000D_ 3.1.3 데히드로초산, 소브산, 안식향산 및 그 염류, 파라옥시안식향산에스테르류 동시분석법 | K19: 데히드로초산 :_x000D_ 0.6 mg/kg 이상_x000D_ 소브산 :_x000D_ 1.5 mg/kg 이상_x000D_ 안식향산 :_x000D_ 1.0 mg/kg 이상_x000D_ 파라옥시안식향산에틸 :_x000D_ 1.0 mg/kg 이상_x000D_ 파라옥시안식향산메틸 :_x000D_ 1.0 mg/kg 이상 | L19: 변경 | M19: 2023 | N19: MFDS Notice No.2024-35_x000D_ (07.10.2024.) | O19: Korean Food Standards Codex_x000D_ Chapter 8. General Testing Method_x000D_ 3.1 Preservatives_x000D_ 3.1.3 Simultaneous analysis of dehydroacetic acid, sorbic acid, benzoic acid and its salts, and paraoxybenzoic acid esters | P19: Dehydroacetic acid :_x000D_ 0.6 mg/kg or more_x000D_ Sorbic acid :_x000D_ 1.5 mg/kg or more_x000D_ Benzoic acid :_x000D_ 1.0 mg/kg or more_x000D_ Eethyl paraoxybenzoate :_x000D_ 1.0 mg/kg or more_x000D_ Mthyl paraoxybenzoate:_x000D_ 1.0 mg/kg or more | Q19: N | R19: 소재지
A20: 2 | B20: 02 | C20: 화학시험 | D20: 017 | E20: 식품 | F20: 식품_x000D_ | G20: Foods | H20: 기타 | I20: 식품의약품안전처 고시 제2024-35호_x000D_ (2024.07.10.) | J20: 식품의 기준 및 규격_x000D_ 제8. 일반시험법_x000D_ 9.1 중금속_x000D_ 9.1.2 납 | K20: 0.01 mg/kg 이상 | L20: 변경 | M20: 2023 | N20: MFDS Notice No.2024-35_x000D_ (07.10.2024.) | O20: Korean Food Standards Codex_x000D_ Chapter 8. General Testing Method_x000D_ 9.1 Heavy metals_x000D_ 9.1.2 Lead | P20: 0.01 mg/kg or more_x000D_ | Q20: N | R20: 소재지
A21: 3 | B21: 02 | C21: 화학시험 | D21: 017 | E21: 식품 | F21: 식품_x000D_ | G21: Foods | H21: 기타 | I21: 식품의약품안전처 고시 제2024-35호_x000D_ (2024.07.10.) | J21: 식품의 기준 및 규격_x000D_ 제8. 일반시험법_x000D_ 9.1 중금속_x000D_ 9.1.3 카드뮴 | K21: 0.05 mg/kg 이상 | L21: 변경 | M21: 2023 | N21: MFDS Notice No.2024-35_x000D_ (07.10.2024.) | O21: Korean Food Standards Codex_x000D_ Chapter 8. General Testing Method_x000D_ 9.1 Heavy metals_x000D_ 9.1.3 Cadmium | P21: 0.05 mg/kg or more | Q21: N | R21: 소재지
A22: 4 | B22: 02 | C22: 화학시험 | D22: 017 | E22: 식품 | F22: 식품_x000D_ | G22: Foods | H22: 기타 | I22: 식품의약품안전처 고시 제2024-35호_x000D_ (2024.07.10.) | J22: 식품의 기준 및 규격_x000D_ 제8. 일반시험법_x000D_ 9.1 중금속_x000D_ 9.1.6 수은 | K22: 0.000 6 mg/kg 이상 | L22: 변경 | M22: 2023 | N22: MFDS Notice No.2024-35_x000D_ (07.10.2024.) | O22: Korean Food Standards Codex_x000D_ Chapter 8. General Testing Method_x000D_ 9.1 Heavy metals_x000D_ 9.1.6 Mercury | P22: 0.000 6 mg/kg or more | Q22: N | R22: 소재지
A23: 5 | B23: 09 | C23: 생물학시험 | D23: 002 | E23: 미생물 | F23: 미생물_x000D_ | G23: Microorganisms | H23: 기타 | I23: 식품의약품안전처 고시 제2024-35호_x000D_ (2024.07.10.) | J23: 식품의 기준 및 규격_x000D_ 제8. 일반시험법_x000D_ 4.5 세균수_x000D_ 4.5.1 일반세균수_x000D_ 나. 건조필름법 | K23: 0 CFU/(mL 또는 g) 이상 | L23: 변경 | M23: 2023 | N23: MFDS Notice No.2024-35_x000D_ (07.10.2024.) | O23: Korean Food Standards Codex_x000D_ Chapter 8. General Testing Method_x000D_ 4.5 Bacterial count_x000D_ 4.5.1 Aerobic plate count_x000D_ b. Petrifilm method | P23: 0 CFU/(mL or g) or more | Q23: N | R23: 소재지
A24: 6 | B24: 09 | C24: 생물학시험 | D24: 002 | E24: 미생물 | F24: 미생물_x000D_ | G24: Microorganisms | H24: 기타 | I24: 식품의약품안전처 고시 제2024-35호 _x000D_ (2024.07.10.) | J24: 식품의 기준 및 규격_x000D_ 제8. 일반시험법_x000D_ 4.14 클로스트리디움 퍼프린젠스_x000D_ 4.14.1 정성시험법 | K24: 양성 또는 음성 | L24: 변경 | M24: 2023 | N24: MFDS Notice No.2024-35_x000D_ (07.10.2024.) | O24: Korean Food Standards Codex_x000D_ Chapter 8. General Testing Method_x000D_ 4.14 Clostridium perfringens_x000D_ 4.14.1 Qualitative test method | P24: Positive or Negative_x000D_ | Q24: N | R24: 소재지

Sheet 02.017
A1: 회사/기관명 | B1: 성명 | C1: 평가사구분 | D1: 유효기간 | E1: 현장평가 | F1: 평가점수 | G1: 순위 | H1: 비고 | J1: 내부심사 | K1: ='1안'!B4 | L1: ='1안'!C4 | M1: ='1안'!D4 | N1: ='1안'!E4 | O1: ='1안'!F4 | P1: ='1안'!G4 | Q1: ='1안'!H4 | R1: ='1안'!I4 | ... Z1: ='1안'!Q4
A2: 건설화재에너지연구원 | B2: 김홍 | C2: 교정:선임평가사<br />시험:선임평가사<br / | D2: 2024-08-09 ~ 2027-08-08 | J2: 컨설팅 | K2: ='1안'!B5 | L2: ='1안'!C5 | M2: ='1안'!D5 | N2: ='1안'!E5 | O2: ='1안'!F5 | P2: ='1안'!G5 | Q2: ='1안'!H5 | R2: ='1안'!I5 | ... Z2: ='1안'!Q5
A3: 한국과학기술연구원 | B3: 김호준 | C3: 시험:선임평가사<br />생물자원은행:평가사<br / | D3: 2023-08-09 ~ 2026-08-08 | J3: 직전심사 | K3: ='1안'!B6 | L3: ='1안'!C6 | M3: ='1안'!D6 | N3: ='1안'!E6 | O3: ='1안'!F6 | P3: ='1안'!G6 | Q3: ='1안'!H6 | R3: ='1안'!I6 | ... Z3: ='1안'!Q6
A4: 서울특별시보건환경연구원 | B4: 박진아 | C4: 시험:선임평가사<br / | D4: 2023-07-13 ~ 2026-07-12
A5: 주식회사 케미다스 | B5: 김승환 | C5: 시험:선임평가사<br />표준물질생산:평가사<br />숙련도시험운영:평가사<br / | D5: 2025-07-18 ~ 2028-07-17
A6: 서울시보건환경연구원 | B6: 김남진 | C6: 시험:선임평가사<br />표준물질생산:평가사보<br />숙련도시험운영:평가사보<br / | D6: 2025-11-12 ~ 2028-11-11
A7: 식품의약품안전처 식품의약품안전평가원 | B7: 조정화 | C7: 시험:선임평가사<br />표준물질생산:평가사보<br />숙련도시험운영:평가사보<br / | D7: 2024-10-30 ~ 2027-10-29
A8: (주)에스엔엔씨 | B8: 이철환 | C8: 시험:선임평가사<br />표준물질생산:평가사보<br />숙련도시험운영:평가사보<br / | D8: 2025-02-17 ~ 2028-02-16
A9: 씨엔제이에스 | B9: 홍성길 | C9: 시험:선임평가사<br />숙련도시험운영:평가사보<br />제품인증:평가사보<br />생물자원은행:평가사<br / | D9: 2024-07-18 ~ 2027-07-17
A10: 한국수자원공사 | B10: 김윤석 | C10: 시험:선임평가사<br />숙련도시험운영:평가사보<br / | D10: 2024-06-03 ~ 2027-06-02
A11: 주식회사 이롬홀딩스 (품질안전센터) | B11: 정지상 | C11: 시험:선임평가사<br / | D11: 2024-04-16 ~ 2027-04-15
A12: (사)한국시험인증산업협회 | B12: 류경임 | C12: 시험:선임평가사<br />제품인증:평가사보<br / | D12: 2023-04-05 ~ 2026-04-04
A13: 식품의약품안전처 경인지방식약청 | B13: 임채미 | C13: 시험:선임평가사<br / | D13: 2024-08-22 ~ 2027-08-21
A14: (주)한국첨단시험연구원 | B14: 안장혁 | C14: 시험:선임평가사<br />표준물질생산:평가사보<br />숙련도시험운영:평가사보<br / | D14: 2024-07-18 ~ 2027-07-17
A15: 한국표준인증기술연구원 | B15: 임윤택 | C15: 시험:선임평가사<br / | D15: 2025-06-05 ~ 2028-06-04
... A33: 경남정보대학교 | B33: 이창희 | C33: 시험:평가사<br / | D33: 2023-08-22 ~ 2026-08-21
B34: 한정민 | C34: 시험:평가사<br / | D34: 2025-04-02 ~ 2028-04-01
A35: 부산지방식품의약품안전청 | B35: 원세라 | C35: 시험:평가사<br / | D35: 2026-01-27 ~ 2029-01-26
A36: 조달청 조달품질원 | B36: 한홍환 | C36: 시험:평가사<br / | D36: 2026-02-13 ~ 2029-02-12
A37: 남양유업 중앙연구소 | B37: 곽병만 | C37: 시험:평가사<br / | D37: 2025-10-13 ~ 2028-10-12
A38: 서울특별시보건환경연구원 | B38: 류승희 | C38: 시험:평가사<br />숙련도시험운영:평가사보<br / | D38: 2025-06-05 ~ 2028-06-04
A39: 한국식품연구원 | B39: 서동원 | C39: 시험:평가사<br />표준물질생산:평가사보<br / | D39: 2025-08-26 ~ 2028-08-25
A40: 국립농산물품질관리원 충남지원 | B40: 신희창 | C40: 시험:평가사<br />숙련도시험운영:평가사보<br / | D40: 2024-06-27 ~ 2027-06-26
A41: 부산지방식품의약품안전청 | B41: 박준식 | C41: 시험:평가사<br />숙련도시험운영:평가사보<br / | D41: 2024-05-09 ~ 2027-05-08
A42: (주)지아이 | B42: 윤중섭 | C42: 시험:평가사<br />검사:평가사보<br / | D42: 2024-05-09 ~ 2027-05-08
A43: 광주지방식품의약품안전청 | B43: 박은희 | C43: 시험:평가사<br / | D43: 2025-10-13 ~ 2028-10-12
A44: 부산지방식품의약품안전청 | B44: 김은정 | C44: 시험:평가사<br / | D44: 2024-11-28 ~ 2027-11-27
A45: 식품의약품안전처 식품의약품안전평가원 | B45: 문형실 | C45: 시험:평가사<br />표준물질생산:평가사보<br / | D45: 2025-08-08 ~ 2028-08-07
A46: 수원여자대학교 | B46: 남진식 | C46: 시험:평가사<br / | D46: 2024-03-19 ~ 2027-03-18
... A83: 부산지방식품의약품안전청 | B83: 강윤정 | C83: 시험:평가사보<br / | D83: 2025-08-08 ~ 2028-08-07
B84: 이윤 | C84: 시험:평가사보<br / | D84: 2025-11-28 ~ 2028-11-27
A85: 부산지방식품의약품안전청 | B85: 권은영 | C85: 시험:평가사보<br / | D85: 2025-09-23 ~ 2028-09-22
A86: 식품의약품안전처 대전지방식품의약품안전청 | B86: 정우영 | C86: 시험:평가사보<br / | D86: 2026-01-27 ~ 2029-01-26
A87: 세종특별자치시 보건환경연구원 | B87: 김민석 | C87: 시험:평가사보<br / | D87: 2024-10-16 ~ 2027-10-15
A88: 전라남도 동물위생시험소 | B88: 박지성 | C88: 시험:평가사보<br / | D88: 2024-09-11 ~ 2027-09-10
A89: 부산지방식품의약품안전청 | B89: 박찬웅 | C89: 시험:평가사보<br / | D89: 2025-04-02 ~ 2028-04-01
A90: 캠바이오 | B90: 김우성 | C90: 시험:평가사보<br />검사:평가사보<br / | D90: 2025-07-18 ~ 2028-07-17
A91: 식품의약품안전처 식품의약품안전평가원 식품위해평가부 신소재식품과 | B91: 김동규 | C91: 시험:평가사보<br / | D91: 2025-12-18 ~ 2028-12-17
A92: 식품의약품안전처 | B92: 조병훈 | C92: 시험:평가사보<br / | D92: 2024-01-24 ~ 2027-01-23
A93: 인천상수도사업본부 맑은물연구소 | B93: 송재용 | C93: 시험:평가사보<br / | D93: 2023-06-14 ~ 2026-06-13

Sheet 09.002
A1: 회사/기관명 | B1: 성명 | C1: 평가사구분 | D1: 유효기간 | E1: 현장평가 | F1: 평가점수 | G1: 순위 | H1: 비고
A2: 오송첨단의료산업진흥재단 | B2: 김은영 | C2: 시험:선임평가사<br />숙련도시험운영:평가사보<br />생물자원은행:평가사<br / | D2: 2024-04-16 ~ 2027-04-15
A3: 한국과학기술연구원 | B3: 김호준 | C3: 시험:선임평가사<br />생물자원은행:평가사<br / | D3: 2023-08-09 ~ 2026-08-08
A4: 서울특별시보건환경연구원 | B4: 박진아 | C4: 시험:선임평가사<br / | D4: 2023-07-13 ~ 2026-07-12
A5: 주식회사 케미다스 | B5: 김승환 | C5: 시험:선임평가사<br />표준물질생산:평가사<br />숙련도시험운영:평가사<br / | D5: 2025-07-18 ~ 2028-07-17
A6: 서울시보건환경연구원 | B6: 김남진 | C6: 시험:선임평가사<br />표준물질생산:평가사보<br />숙련도시험운영:평가사보<br / | D6: 2025-11-12 ~ 2028-11-11
A7: 식품의약품안전처 식품의약품안전평가원 | B7: 조정화 | C7: 시험:선임평가사<br />표준물질생산:평가사보<br />숙련도시험운영:평가사보<br / | D7: 2024-10-30 ~ 2027-10-29
A8: 씨엔제이에스 | B8: 홍성길 | C8: 시험:선임평가사<br />숙련도시험운영:평가사보<br />제품인증:평가사보<br />생물자원은행:평가사<br / | D8: 2024-07-18 ~ 2027-07-17
A9: 주식회사 이롬홀딩스 (품질안전센터) | B9: 정지상 | C9: 시험:선임평가사<br / | D9: 2024-04-16 ~ 2027-04-15
A10: (주)청룡환경 | B10: 김영진 | C10: 시험:선임평가사<br / | D10: 2025-05-14 ~ 2028-05-13
A11: 식품의약품안전처 경인지방식약청 | B11: 임채미 | C11: 시험:선임평가사<br / | D11: 2024-08-22 ~ 2027-08-21
A12: (주)한국첨단시험연구원 | B12: 안장혁 | C12: 시험:선임평가사<br />표준물질생산:평가사보<br />숙련도시험운영:평가사보<br / | D12: 2024-07-18 ~ 2027-07-17
A13: 우석대학교 산학협력단 | B13: 이석기 | C13: 시험:선임평가사<br />검사:평가사보<br />표준물질생산:평가사보<br />숙련도시험운영:선임평가사<br / | D13: 2024-05-09 ~ 2027-05-08
... A22: 한국기계전기전자시험연구원 | B22: 류석준 | C22: 시험:선임평가사<br />검사:선임평가사<br />숙련도시험운영:평가사보<br />제품인증:평가사보<br />생물자원은행:평가사<br />검증:선임평가사<br / | D22: 2025-06-05 ~ 2028-06-04
